label,group,sentence_positive_n,sentence_positive_pct,mean_probability
internalized_stigma,stigma,54,0.49,0.3441
relational_stigma,stigma,368,3.33,0.2557
transmission_anxiety,stigma,194,1.76,0.2602
cancer_fear,distress,654,5.92,0.2706
procedure_anxiety,distress,694,6.28,0.2446
confusion_uncertainty,distress,106,0.96,0.3571
information_seeking,coping,297,2.69,0.2891
support_seeking,coping,83,0.75,0.3841
supplement_use,coping,377,3.41,0.169
lifestyle_change,coping,382,3.46,0.2647
self_advocacy,coping,46,0.42,0.3508
cognitive_reframing,coping,233,2.11,0.3026
