label,pos_seed_n,neg_explicit_n,neg_hard_available_n,neg_neutral_available_n,neg_selected_n,train_strategy,threshold,high_conf_threshold,cal_precision,cal_recall,cal_f1,predicted_positive_n,mean_probability
internalized_stigma,46,16,1479,9506,184,embedding_logistic,0.45,0.84,0.38461538461538464,1.0,0.5555555555555556,54,0.3441
relational_stigma,119,0,1416,9512,476,embedding_logistic,0.45,0.82,0.7708333333333334,0.9024390243902439,0.8314606741573034,368,0.2557
transmission_anxiety,92,0,1443,9512,368,embedding_logistic,0.6,0.84,0.9,0.9,0.9,194,0.2602
cancer_fear,247,5,1287,9508,988,embedding_logistic,0.4,0.78,0.6376811594202898,0.9777777777777777,0.7719298245614035,654,0.2706
procedure_anxiety,152,0,1375,9512,608,embedding_logistic,0.55,0.78,0.9130434782608695,0.7777777777777778,0.84,694,0.2446
confusion_uncertainty,73,8,1462,9504,292,embedding_logistic,0.55,0.84,0.625,0.9090909090909091,0.7407407407407407,106,0.3571
information_seeking,177,0,1358,9512,708,embedding_logistic,0.55,0.8,0.775,0.775,0.775,297,0.2891
support_seeking,53,10,1476,9508,212,embedding_logistic,0.55,0.84,0.6923076923076923,0.9,0.782608695652174,83,0.3841
supplement_use,292,0,1243,9512,1168,embedding_logistic,0.65,0.8,0.9436619718309859,0.8933333333333333,0.9178082191780822,377,0.169
lifestyle_change,242,0,1293,9512,968,embedding_logistic,0.6,0.8,0.8148148148148148,0.8461538461538461,0.8301886792452831,382,0.2647
self_advocacy,41,1,1494,9511,164,embedding_logistic,0.6,0.84,0.75,0.6,0.6666666666666666,46,0.3508
cognitive_reframing,131,1,1403,9512,524,embedding_logistic,0.5,0.8,0.7027027027027027,0.7222222222222222,0.7123287671232876,233,0.3026
